1.53003570002628,-1.04466395426534,0.485711412064083,-0.0463772387551448,0.22422983007398,-0.155005280592969
1.35404614050424,-0.68609558902511,0.195905834480692,0.121181518575893,0.0531360564844767,-0.0462975575633142
1.38107939131677,-0.707476930978,0.292235523519954,-0.0594715120470054,0.197001483192714,-0.108524897479731
1.32121558111673,-0.607932484014884,0.209832295784596,-0.0500914504221536,0.259823468263415,-0.144810282979405
1.40721094994728,-0.713323234132073,0.358701484416528,-0.172061968223543,0.281049741085311,-0.174791242379689
1.29530365612471,-0.553957066507446,0.191818096877092,-0.0223237421203824,0.205771629803533,-0.122706780214213
1.39619579777952,-0.728912190721458,0.287162307343902,-0.0263104074876165,0.168292312885706,-0.114172144121637
1.66436999473088,-1.01494643002172,0.38628915468338,-0.0587522799257023,0.107117107507116,-0.114660559502077
1.40183029814406,-0.726312847078465,0.299182201167233,-0.0958237401596617,0.231671038534469,-0.121907934634503
1.27734116744942,-0.594957435188378,0.262242482395185,-0.041289306107132,0.189827194755844,-0.0996725881764113
1.27835020304476,-0.60456563525346,0.248555475776069,0.0244273747269847,0.17105670058526,-0.123064919099942
1.34149071743867,-0.660595798736809,0.275542289101513,-0.0758264203906012,0.148174051226192,-0.0363265890151833
1.40455369292961,-0.772678224584363,0.403042085338589,-0.153747799368996,0.241816915299402,-0.136057775284384
1.39552056016437,-0.779567169881701,0.232485972406138,0.0533685075326033,0.129361489593739,-0.0389262657509754
1.40334743852076,-0.788654081559239,0.400291158727477,-0.190755875975848,0.346234573617763,-0.179450358455783
1.37879949973048,-0.745338912701052,0.371572902070092,-0.11695019246081,0.235442273390439,-0.128016564671614
1.48010509212322,-0.979300113811447,0.536095632419832,-0.156215946759341,0.2249693076988,-0.115736288258831
1.36742241185985,-0.731631825891385,0.24403802824927,0.0661461247095871,0.108297762784922,-0.0718398972485495
1.40333730903801,-0.876285668057936,0.382883726533456,-0.0278952702990033,0.196800810935609,-0.0929915201938273
1.33034669667957,-0.687664501472015,0.305082170512631,-0.113894487706299,0.291761824807375,-0.139277624186879
1.37225944501161,-0.76660817815255,0.266017926784765,-0.0424308688315159,0.299051524531855,-0.138169015573029
1.34092335551997,-0.748547677620916,0.345526451589432,-0.075472223011075,0.298582508490123,-0.165376703471312
1.36034632652797,-0.770963573067899,0.355849430018618,-0.14871130441856,0.341503620331009,-0.166174253916231
1.33159977944108,-0.700297923464815,0.276752810349896,-0.086766761403482,0.309548441885166,-0.148996914592905
1.2381776448338,-1.28583798326111,1.05537566681869,-0.468135649662002,0.329731099848359,0.114608303024455
1.3328798690556,-0.724845380802861,0.358515959783695,-0.157481897951442,0.374096371873778,-0.197310514153087
1.01111489444437,-0.0945860891865008,-0.134304516302611,0.0870108188046255,0.276547275869002,-0.154523750463818
1.44030384969152,-0.771067568014447,0.189705830352848,0.0625418696127314,0.254674857072774,-0.189805785964131
1.53875173118167,-0.852475240507522,0.35583645239322,-0.131067743239319,0.283510317992453,-0.218633792032352
1.5854615197083,-0.912650163607722,0.324386131151866,-0.0700144566220854,0.280841508148043,-0.222491440265116
1.57136083025059,-0.960406892475812,0.487277475324965,-0.168446553714234,0.257366978786293,-0.199263699057445
1.60948060242494,-0.918426887043072,0.35304704562929,-0.0612486695567763,0.219238510098647,-0.210761694905154
1.55493894474097,-0.791721708055842,0.156866585561316,0.0368576036724672,0.297115511503857,-0.262820263747233
1.68049809834556,-1.3639552868989,1.35198845246384,-1.25300038334741,0.559169027079929,-0.0409748490234469
2.10150587971819,-1.96333939923179,1.69266272228722,-1.63006093699341,0.944508604601534,-0.172750045261759
2.18602986922838,-2.01721507150691,1.37076881250578,-1.09820888167392,0.673442607963871,-0.135838790050595
2.17439733352167,-1.98145829945431,1.18510945849811,-0.704707575817412,0.254275983357097,0.0459301760137917
2.24233198844911,-1.87815126136639,0.775498865852453,-0.252905799180349,0.0831937245232341,-0.000125425790790271
1.94089046062178,-1.35200191714079,0.512281104014301,-0.241780606752555,0.0702832817864328,0.0479172747716204
1.91640778803197,-1.3313752751144,0.573303009785303,-0.339467328535742,0.142615193731957,0.00606635062730929
2.11090435830995,-1.73690915466199,0.973391539813552,-0.52960711404539,0.146579689189688,-0.000348431185634174
1.99599910054456,-1.55691925455745,0.895115539092631,-0.428916529908469,-0.0113838582110085,0.0585047524680138
1.85982481868372,-1.368834137759,0.918010223596113,-0.609794803055836,0.0383377084698139,0.125629261540141
1.87038220008701,-1.42847711225301,1.07975633192861,-0.723503697599183,-0.0411257237707326,0.211121606071533
1.79521803889008,-1.11058257000376,0.607269544243855,-0.315062032632636,-0.234546020438073,0.240493451409853
1.62835775644042,-0.93194333860841,0.582211497861058,-0.234719569207676,-0.390789670267814,0.31881697873614
1.98155212555523,-1.56961900798479,1.02927569104253,-0.584833582319762,0.0336968007684623,0.0767744674078538
1.83831168073442,-1.12145092621607,0.425380229393941,-0.229185231594578,-0.00192615869012974,0.0597050325111869
1.74265886432558,-1.0233679298648,0.388051698993039,-0.158702183664228,0.0421223882253302,-0.0151935998198005
1.67824150393128,-0.918860413065406,0.408203371781902,-0.12281370669412,-0.174681851261698,0.113728644994347
1.59650193247757,-0.790432925532803,0.279083008907895,-0.00221044171068202,-0.154337772253271,0.0492831368876619
1.46680462368268,-0.597410577050471,0.250747164186575,-0.135480256966677,0.112302822169613,-0.109681450042448
1.47948944285536,-0.614098209441638,0.241894192655116,-0.108451890359457,0.0190055420449259,-0.0358309168336361
1.39324616737194,-0.526346535403919,0.191201577637113,-0.108195444220717,0.127756485395306,-0.0808066758343982
1.33651830062741,-0.53797773702863,0.22668572504465,-0.0195845686538247,0.115689863150045,-0.126800726769031
1.32052897246041,-0.488073134002508,0.152237147894885,-0.0136488724407245,0.0801514050041754,-0.062967498266355
1.27388253243672,-0.436613536153663,0.134064009632562,0.0821486049564155,-0.0334773745291357,-0.0248514275055636
1.26631194110329,-0.440767183221023,0.139672530446864,-0.00566211603955988,0.112102672149305,-0.0822085868628049
1.22421891705732,-0.351184783420302,0.0587690034769599,0.0225628353202298,0.152593433005278,-0.113285247656133
1.31221741050869,-0.497340262664446,0.157277063569385,-0.0579925510593005,0.222739961074243,-0.147581682631797
1.31621147181359,-0.515277513908849,0.217574334849365,-0.0639469095319608,0.112901503421993,-0.0767223727224105
1.27666269458491,-0.401551017621688,0.148309386194169,-0.0552275546010774,0.157478749434914,-0.13613591581031
1.31640398405598,-0.482790825745618,0.0788923731080185,-0.0204896720410504,0.289101098595623,-0.189259731221534
1.29323406967529,-0.559285463226435,0.34305734552128,-0.143994283889502,0.225798248163508,-0.167666172454883
1.50870766700501,-1.19019783582068,0.514251203437241,0.153408254914999,-0.512069807794442,0.511730689166873
1.54125016346305,-0.887276231436587,0.271793946252742,0.0157713851382511,0.0604806450886896,-0.014542354641375
1.3185484673207,-0.367266786496177,-0.0208642629751992,0.127855364356638,-0.0250726391243681,-0.0375193682488849
1.34394838073422,-0.46658446622731,0.094539272931711,0.05610542876929,0.0518716732318133,-0.0889026067490602
1.44095864557028,-0.625439886503141,0.25160946147186,-0.0909375268481021,0.133576659745679,-0.117401896446857
1.46033795251364,-0.524567321784033,0.0618365188834016,-0.0181594940727004,0.190057907806992,-0.178394601183507
1.49587945642628,-0.537098613058603,0.0440359768141935,0.0390668025113791,0.148193462695013,-0.198015381958844
1.51547351058695,-0.721248522852146,0.317149419213268,-0.118224727684735,0.0769290959441331,-0.0795171147804833
1.54808013072993,-0.615007752745634,0.17699975780047,-0.146769653156053,0.222915322195313,-0.193367329933077
1.40413405860066,-0.455111419222406,0.162306599205036,-0.124002435750087,0.19025885154819,-0.187049495606492
1.41965042880993,-0.537490580783289,0.291434347272135,-0.215772506769922,0.107965340168366,-0.0693322537567911
1.50257567113334,-0.677379568456697,0.298818354484981,-0.154056749443205,0.198915101774359,-0.176149887429853
1.49742938187794,-0.591261822675939,0.256926116816058,-0.170748136433594,0.10979850346852,-0.1078535366869
1.51362142006046,-0.539441048903317,0.243337439346764,-0.255302239779528,0.109121009019172,-0.0797355738691023
1.63209472615551,-0.68914757217075,0.212770275737383,-0.0932160611603593,0.0114635236033316,-0.087759717126312
1.56143635305964,-0.482587719985519,0.0997552579037498,-0.184430532602272,0.0552322812955399,-0.0653495993862337
1.55910075105965,-0.528334423222167,0.152055588054134,-0.13750152144268,-0.0476112958885794,-0.0160415816199648
1.6175358750474,-0.624188969940367,0.0982664094118355,-0.0654132253637022,0.0735157694568557,-0.107528890651606
1.5682319316603,-0.542236325982188,0.0699447697358549,-0.0721848644165257,0.0717432230110544,-0.102432120159661
1.58463824868221,-0.676267049897643,0.260929684588152,-0.0464159074229926,-0.106973911395686,-0.0222542723910998
1.48977979702158,-0.928730889160338,0.77527028445839,-0.254407972426712,0.19635082405426,-0.293828632696145
2.77027814855701,-3.51126141450119,2.8011708137953,-1.21425859037382,-0.127011557242186,0.261880002889477
2.53121449484797,-2.9225182179847,2.33698412840722,-1.10480010537876,0.0284235096383565,0.126278575640008
2.77174372093355,-3.28335951044235,2.49643950863233,-1.22776497286126,0.0876462767973592,0.153990712313778
2.9371866545224,-3.60900318015012,2.8266418257295,-1.72831375897993,0.612441913714987,-0.0400705102089358
2.91563618584756,-3.56186315342128,2.56452962494504,-1.02754451817126,-0.115503090183202,0.223714646007833
2.76331222760269,-3.18852720651192,2.24643823631818,-0.850304857959941,-0.273765342328544,0.301400039139387
2.65825613184066,-2.85238690670147,1.86374155878417,-0.721892933908241,-0.215176636271349,0.265271960969079
2.6929681485027,-2.93829080880101,1.9768789950338,-0.826635710841091,-0.155252975115715,0.248947370282869
2.77197172048651,-3.20803640858222,2.17292798184894,-0.600560065542526,-0.521866934218088,0.384090072603871
2.68917804799516,-2.9964647807162,1.98072126806211,-0.606544358317763,-0.359037775931109,0.290842674956211
2.60195577579874,-2.83555541619352,1.94529305256246,-0.797843978943185,-0.119461308200068,0.204094818919512
2.46206643556506,-2.50152954796146,1.66688269000964,-0.722205022441185,-0.0458664771648571,0.138961245788188
2.81149493757633,-3.43736915448211,2.52468345920933,-0.871155150363783,-0.348408415726604,0.319611893284388
2.67364246637493,-3.04156466678551,2.12361570291719,-0.639915853416728,-0.404578497017247,0.287864035461923
2.71067356178744,-3.10011925682977,2.24917911238338,-0.944570845068169,-0.129863022767244,0.213934298878012
2.6338049170285,-2.89047501413539,1.86670764316693,-0.391793454489769,-0.552095374076055,0.332896542250386
2.71268550920073,-3.13513804764688,2.26353708266096,-0.848021006683789,-0.234826910115919,0.240755117965896
2.67205228251202,-2.9655994782132,2.04750878537917,-0.799418584743016,-0.16683826829037,0.211029646513761
2.80766686138787,-3.33831961878626,2.46659002572667,-1.11912397342476,0.0357858026886073,0.146334577116769
2.69599802792333,-3.10203210289904,2.22425666429125,-0.79462091765458,-0.28433308689095,0.259293594968395
2.65414095564479,-2.92031707488808,1.85110478937274,-0.476987680387767,-0.343685078129888,0.234268009265315
2.63742023914461,-2.96778616241875,2.15672613279853,-0.90308479289986,-0.116793131607325,0.192398017544285
2.66565554528055,-2.94603334484163,2.07694147856423,-0.997028933767991,0.0887806864908846,0.110588822400764
2.71706167080452,-3.23787253175555,2.54916243897818,-1.22622995321609,0.0443118849048797,0.152325983537854
2.72978635371902,-3.27286970362679,2.46044025832834,-0.948336477872133,-0.198206499835799,0.227765621092365
2.65642709149902,-3.03607143040597,2.27765898688771,-1.07990439282511,0.0292270535757958,0.151602802952242
2.61650278377321,-2.89156317771631,2.0312969460848,-0.884962432407567,-0.000210890075364353,0.127777849840378
2.75008044487631,-3.2223852524959,2.21977213407098,-0.668031863749601,-0.359115883413244,0.278595194312979
2.70656803061963,-3.0851144646049,2.16418978167464,-0.798439768581324,-0.241671657028238,0.253569261726041
2.77436991544561,-3.33728104257652,2.48263342724702,-1.01272132053131,-0.0829521329526337,0.174719706007166
2.40080144985467,-2.25294969752174,1.23494155185541,-0.245953829341362,-0.403845709715223,0.265639580247695
2.49581366904967,-2.47306363191843,1.30787794253591,-0.0149525605894725,-0.66280910361402,0.345529808762286
2.58028624462501,-2.8291704147652,2.0252060163876,-0.892170966844036,-0.00859390617199905,0.123037604003061
2.6579888439285,-2.94771832183539,2.1300980756793,-1.06297165647884,0.0998562153665417,0.12171290047276
2.70406697148349,-3.23313268906961,2.73624841664949,-1.70340919050099,0.457009338028802,0.037903918209281
2.55422103152043,-2.8073600102381,2.03667428116961,-0.881170457935517,-0.0322386584844468,0.128070487248098
2.55606277824132,-2.5234132064134,1.20844672597289,0.131465395977077,-0.707237434823389,0.333408778256582
2.55472370820108,-2.7021587392079,1.83855159900499,-0.77202541029652,-0.0574044944082679,0.136916376390486
2.57435130592957,-2.76894579121267,1.87318898343956,-0.762135634145776,-0.0249737239356572,0.107054391213052
2.70318295789031,-3.13560859122752,2.32582314231394,-1.06240706445115,0.0321607299233937,0.135762851365045
2.56435737259335,-2.81957855365551,1.93498687677247,-0.667433671206111,-0.133506926008861,0.119636824581707
2.50726806537967,-2.7216498141577,1.98047763199952,-0.801664903244416,-0.13125843430919,0.165259205437091
2.51943285686351,-2.76909335880247,2.06526528899919,-1.01500399735975,0.212579954569618,-0.0149481298833531
2.5137728928997,-2.76615048029876,2.17134827976239,-1.22373427204891,0.308678698778071,-0.00554636590375613
2.61194643712998,-3.01799333050816,2.30891344707855,-1.0451109061473,0.0473040656060453,0.0935358364315495
2.49119947666328,-2.73783620158542,1.97436787943098,-0.705007633818711,-0.135245678676987,0.110988088541543
2.52978638656949,-2.73918937262329,1.87733818079118,-0.657762390053232,-0.129115551578554,0.117686588337506
2.52674874985843,-2.58510116039818,1.62880521615369,-0.654278499572545,-0.0251311936731693,0.10767493553217
2.40359850225898,-2.43513307942149,1.48659144224825,-0.218046858469331,-0.425120460949904,0.186298371376531
2.55329487719783,-2.76693193403229,1.95879706774623,-0.767679261862346,-0.14542285267117,0.166792066568545
2.5304997120554,-2.80796586321804,2.21344754987055,-1.15003470746451,0.125981912373789,0.0868537660291976
2.52511896272619,-2.74725003187795,1.84484077839563,-0.523712720863317,-0.243878590880305,0.14327761614692
2.42959269979863,-2.48478827065242,1.6775877068476,-0.621485066142164,-0.115692155793161,0.113235280799544
2.56561580091811,-2.86827932576836,2.13207247570304,-0.885930148370729,-0.121110314389824,0.176357686855963
2.65781816666326,-3.15487550277484,2.32150774798925,-0.745992391828413,-0.294297561359691,0.214429736272899
2.67057187335679,-3.19836167987468,2.55213577589042,-1.23072836567302,0.122938720453066,0.0820986502618638
2.60030801146678,-2.94267766138438,2.19673902075385,-0.989549539676357,0.031394798991032,0.102528355528888
2.51311152642081,-2.8420603195408,2.08863485735074,-0.773805350760568,-0.0543245810114883,0.0666048364617349
2.50354115100107,-2.7391705688239,1.98483058984194,-0.788592770660632,-0.117774538947733,0.155615794468045
2.62258016173925,-3.0020957020835,2.26462883017535,-1.00158463870798,-0.0606572761335614,0.176172236656194
2.65435451663395,-3.06228953503048,2.14936577188821,-0.718665671960147,-0.163967585738313,0.13996438114717
2.4398776441977,-2.54996003356122,1.69995005495389,-0.461673847314259,-0.307093702511418,0.177584640649478
2.65371322751372,-3.10869359807088,2.32542038591545,-0.867462864626027,-0.210509715815873,0.206346475594163
2.44612460976325,-2.72893790864244,2.09238817086697,-0.856214423609555,-0.00875592338856714,0.0536562853282731
2.49364012322383,-2.62935163510632,1.68089384467934,-0.33027585450877,-0.51539065885635,0.299366783062401
2.41469184561542,-2.46419184824025,1.72626562983241,-0.798115952568836,0.0592147510730036,0.0608935630708211
2.38557969871143,-2.42692300879596,1.80431116957004,-0.962782196885125,0.148166008333048,0.0504522655209147
2.35178076549714,-2.36950976878491,1.63235595990097,-0.624686244651572,-0.101248607820097,0.109699039047753
2.4849486938129,-2.71896848127409,1.92838508257337,-0.622054179952004,-0.257286279834794,0.18366606597537
2.58516332192265,-3.00970882675276,2.28093933446395,-0.872361727570169,-0.109645418511106,0.124235501623675
2.54497729535427,-2.80232763800544,1.9791560433828,-0.750612878531852,-0.0847204489528492,0.112282407193981
2.51336858642405,-2.74901463977661,1.90280899583254,-0.60611728081583,-0.221602742237307,0.159127850558139
2.42849631745618,-2.54639087983058,1.81109761442429,-0.819785496806011,0.08653801953757,0.0380115661286824
2.44105335798228,-2.48479250938809,1.67239183235788,-0.662863734819384,-0.120605096113157,0.153543595381105
2.34218471154839,-2.43520710092581,1.76035937985653,-0.666539843779139,-0.0640864775350556,0.0614723954844008
2.38354323971256,-2.62302959671954,2.02284635672067,-0.803161224006986,-0.0246018358473505,0.0424647059809485
2.32894044324326,-2.39523943613193,1.71915765077986,-0.636814538093035,-0.0905138602012158,0.0726775423055899
2.48429081085105,-2.6316500303917,1.84831196901008,-0.692707023815526,-0.199549351436903,0.190235474315784
2.59818167365687,-3.06919971085093,2.4365211697229,-1.11066719709791,0.0390076325612659,0.104865179843267
2.41551935268807,-2.58874211449392,1.88764116976956,-0.720039852946996,-0.0634983492328143,0.0677478172928943
2.40668932334673,-2.55340653699072,1.77051426473358,-0.527786127905899,-0.264215128173841,0.166831211304563
2.50221244519892,-2.88557113190405,2.29123224644033,-1.07182683925363,0.144510744591541,0.017930725223523
2.56106122897979,-2.99906362175399,2.30979510068677,-0.887733999251325,-0.128327413487025,0.142752695419153
2.61170007970365,-2.98605810491554,2.09135656817455,-0.606053550938324,-0.357454602553245,0.245285989538605
2.41055674441119,-2.54208345995141,1.7095831100461,-0.430768707810636,-0.308313475960738,0.159411680742239
2.53128735774933,-2.89832986586686,2.16869951153509,-0.83717952704726,-0.0719904656651067,0.105953126314405
2.56055630862072,-2.94968835301571,2.20168302808798,-0.74435943851268,-0.257507787216396,0.187918063205824
2.56496300279966,-2.92943542005825,2.18999085445427,-0.85600999234408,-0.0997602674077923,0.12906172072855
2.52391783506869,-2.74049698197125,1.9586737375611,-0.843617875030771,0.0155865498666914,0.0847295294329383
2.47364320384349,-2.70483435888461,2.10128537876607,-1.12654588370074,0.275559638356032,-0.0202871398421267
2.45376953601909,-2.74153113156729,2.06254981050315,-0.845765593680874,0.0758603294290047,-0.00644502669337616
2.41654723421324,-2.60195742206114,1.87160995927011,-0.668024169793405,-0.0932555542774721,0.0735218256995456
2.53335424655586,-2.99660334402317,2.38393714367424,-0.977664339611067,-0.0263839420298985,0.0819824525715163
2.4535834799903,-2.61019384516314,1.7920683111821,-0.568447923798435,-0.216492612442145,0.147922041518545
2.44593470371425,-2.68995915008678,1.99339350416573,-0.758634104401463,-0.0948314212156085,0.102592863331235
2.48782509395385,-2.73369915424483,2.02711943183697,-0.805819359987278,-0.122651595017255,0.145898351026558
2.59893670107796,-3.00774158810457,2.2898512767368,-0.964088811798227,-0.0901409980418809,0.171804186019622
2.58332102493264,-2.94256590037314,2.16482891713568,-0.863990550035536,-0.0696802970901941,0.126793393263052
2.44086359108807,-2.66630584314018,2.0482368297021,-0.919887903062165,0.00972169879513383,0.0858840291671741
2.47823923859312,-2.68781530898009,1.91555101641487,-0.728370161120292,-0.111334313554877,0.131948246438638
2.44974890511056,-2.71131247468911,2.03655050734963,-0.843187149558237,0.0345377796949943,0.0321542512115378
2.57041872609547,-3.00149785704055,2.40078796681234,-1.19144898238869,0.194272412555028,0.0257249050883326
2.43648669845582,-2.60509721087158,1.82732442862706,-0.591808266449133,-0.192026958359458,0.123763199805996
2.55201445221933,-2.69759861642262,1.6499092390312,-0.342262380198008,-0.396394308829054,0.23320459550726
2.5123439008686,-2.76978975264345,2.05599323000212,-0.932109511810701,0.05834958041435,0.073870093197479
2.45828738600544,-2.67037446798556,1.95574426865193,-0.841518342504986,0.0973939188668242,-0.000963690488071712
2.50587044628158,-2.98618215495202,2.55334340439703,-1.39914439083576,0.452003412177831,-0.127720847706542
2.45175682461333,-2.70125869837829,1.9707909059094,-0.690705169195792,-0.110442406437831,0.0782890765895911
2.52216074559768,-2.92140034586077,2.3324408153066,-1.13511402114546,0.210052398145593,-0.00948326573740588
2.38082588047009,-2.56118295466559,1.95751433987963,-0.909774083464154,0.152261972549067,-0.0213860689900024
2.50043012787799,-2.77986273379098,2.0488812536353,-0.820816842670041,-0.0150548315045578,0.0651755527083317
2.3372375095939,-2.61426550213462,2.14774453097549,-1.06924344737298,0.331681163148969,-0.134944842446216
2.46814143049688,-2.77646876200103,2.16524876996342,-0.993002646513337,0.116326847737685,0.0180836148256736
2.37712311154524,-2.6143049328949,2.04560140277515,-0.875620782610397,0.0725328787937299,-0.0068891999934474
2.49104875077088,-2.76114542757542,1.99424810616369,-0.65734754905189,-0.235797824275556,0.16755592459777
2.4567051477585,-2.68109308579236,2.01198488940021,-0.933740359165049,0.102003015534274,0.0427036229218306
2.46533177531601,-2.74665481078828,2.00587232928516,-0.742909720189252,-0.0243497717933817,0.0411996202264927
2.45798625593657,-2.77394762555286,2.14279214520731,-0.864025933055554,-0.0380520279167995,0.0736466323632944
2.41010188401228,-2.64242133479294,2.01198099652084,-0.880326997578389,0.0999563568424971,-0.000990871916603872
2.43896676702356,-2.66483176384215,1.99032622687055,-0.784385883158593,-0.0872152110081299,0.105730979907232
2.40071594245568,-2.52379674264874,1.8191351072332,-0.775345508545989,0.0456190949170837,0.0321159332677487
2.46419136179693,-2.82937182577576,2.26692670501044,-1.10440794467547,0.253488424827127,-0.0523641492247413
2.39572133879459,-2.57682101007854,2.00787914404126,-1.04224140573957,0.241895636363674,-0.0280437858719084
2.3248380087635,-2.29993545090637,1.48095665133974,-0.35118770361864,-0.289005836730345,0.132743704681178
2.23852155472487,-2.24618557335179,1.66894138413988,-0.725556574354019,0.0959113404458326,-0.0335277428544997
2.32717374436334,-2.48552818969889,1.97871819749469,-1.00055607356871,0.212089657375721,-0.0337596788415334
2.33606027609637,-2.42212881630754,1.73188844959341,-0.69568154317229,0.0773868582055079,-0.0294639130018843
2.23921347314837,-2.47818133119952,2.11768540341647,-1.09499516717202,0.433424520567584,-0.219499681450533
2.39394705574231,-2.65685405228887,2.12249245087422,-1.05086914136949,0.243395810721012,-0.0540795078238463
2.43833222092332,-2.66259154004227,1.92286480711799,-0.626299997281421,-0.187238857720653,0.113417503764584
2.43208424423899,-2.77764391367141,2.33837874666156,-1.26810859875174,0.329072481079443,-0.0553741500205519
2.40033606455477,-2.64515135358245,2.09705800726014,-1.00805811449025,0.169693482673201,-0.0153413008092886
2.28028166984497,-2.32093384101596,1.71932812705721,-0.762509847066376,0.131971068028007,-0.0499388190006811
2.42387658216764,-2.52753194200731,1.68414470227451,-0.581841807237916,-0.024931668523701,0.0247702875103844
2.48863883995799,-2.71842795822952,1.94475005748909,-0.696161971984725,-0.166859922556284,0.146731740288859
2.39234282688696,-2.57483903584108,1.86065917890372,-0.662524334157251,-0.0607045889279581,0.0434848545542268
2.40073627811509,-2.52226561840391,1.67478702315166,-0.415132269357652,-0.238854186944394,0.0991905482900836
2.36426647303282,-2.58082458015403,1.97592546309194,-0.823892543275245,0.0902877710186179,-0.0274983885488079
2.40128227784361,-2.57468168486276,1.88013588361564,-0.795004605524441,0.108145633067065,-0.0217423255896614
2.42048035873825,-2.58274211967155,1.94298400499842,-0.901995606693034,0.0676758615902411,0.0521873831425085
2.37409586153215,-2.52130873300059,1.96077728890768,-1.04918162271398,0.255270678347486,-0.0213886036756542
2.43389437789134,-2.69283451982254,2.0797687483667,-0.977638313712435,0.18569650828713,-0.0306039070871361
2.35425452544295,-2.64012235580443,2.26885355224765,-1.38164741620257,0.608521838884133,-0.211580667842248
2.41903458082704,-2.58812221400342,1.85536206948746,-0.680498878278623,-0.100199113458823,0.0930291056154241
2.58885497414217,-2.93194017023524,2.10825687539281,-0.747697426115593,-0.205954690457258,0.187138135447921
2.44251810312115,-2.70706877373818,2.07174243150294,-0.944888041879838,0.139055530742104,-0.00266719447438236
2.34749375451917,-2.35004860145047,1.48102843988653,-0.268322384587929,-0.380927464848664,0.169557424001503
2.32215426506038,-2.25693331811408,1.50495990727422,-0.581083449822082,-0.0794032727751907,0.089136396581621
2.24540483800527,-2.26738354935347,1.70349806273544,-0.786340922036738,0.198581436730067,-0.0954460169745456
2.4517144627604,-2.7377435888222,2.08538994146887,-0.840040734376922,-0.00135325203500968,0.0406738894822839
2.41880295350551,-2.6316057459055,2.00329188678347,-0.847825668798494,0.00584871091278251,0.0503155506756284
2.37898897562641,-2.54243373981742,1.78102018521985,-0.487093092941593,-0.202998143532282,0.0710084166744681
2.36917460696918,-2.38316078234322,1.5886132367557,-0.636336393580841,0.0690758371389632,-0.00862254781105497
2.41663303593439,-2.56059419407194,1.8245904250261,-0.71472879078775,-0.00510050212659405,0.0380243482650076
2.47398454706837,-2.69510712262671,1.98243040498105,-0.875926774580086,0.105707528746725,0.00770772015834186
2.34766349844184,-2.37062964134997,1.52128366363135,-0.402061807759276,-0.178405327815052,0.0806344839562732
2.32227957383178,-2.41963667332207,1.76606092017934,-0.682531126549429,0.00468120908773115,0.00754387781471553
2.17986807882036,-2.12614581894711,1.66421320922177,-1.00910261251312,0.502551184089932,-0.213413517473742
2.49564740346624,-2.67813767660819,1.78584242389881,-0.51571025663347,-0.279929859324381,0.191050989183693
2.35241929606602,-2.45401501168731,1.74471581201739,-0.714330807934918,0.0993043492844974,-0.0294460807047407
2.45209425370092,-2.72191220229463,2.08154063122793,-0.920102873441095,0.0765452176455229,0.030636689356872
2.43740452012437,-2.48209448157112,1.51666595642753,-0.27832028466923,-0.395801591402931,0.201072546018759
2.46752125152739,-2.69361003611053,1.94145457808088,-0.699406526287664,-0.122658021862407,0.105675022264343
2.42246293139448,-2.55978009454417,1.78248065300629,-0.672790016551843,-0.0601405552911434,0.0865063043284461
2.35924934860336,-2.25732855574238,1.40476940587614,-0.566446112146837,-0.0420847428753018,0.100812464749722
2.46784873428068,-2.71298359375947,2.00303944135479,-0.771827084446949,-0.0953564585682215,0.108145314595163
2.47483879385381,-2.66437769653508,1.89888037722705,-0.841137467028933,0.101312343648677,0.0293392011555025
2.52468623897948,-2.76164473447971,1.88784347649901,-0.570156481210503,-0.272184103068395,0.19034396724627
2.56297455780707,-2.90173541856127,2.05095322092618,-0.729292339731496,-0.0668291913211784,0.0828175969928308
2.38908291028115,-2.46982060896379,1.64950745775092,-0.519676498941991,-0.159603891048371,0.109305739234695
2.373510802634,-2.36067023185597,1.46084901957604,-0.330563542117862,-0.310830588415978,0.166591494650443
2.36393902946678,-2.40431395831941,1.46255043521849,-0.14892504062406,-0.479854310294991,0.20532623908577
2.51471650420899,-2.77915434761155,2.03576411092821,-0.851108750371492,-0.0220578484490574,0.100768935911855
2.49221836369151,-2.72766634589301,1.89628718613535,-0.640144995193946,-0.109112291798929,0.0873887705851317
2.1447577159347,-1.93535319142348,1.1399075268972,-0.173722289568234,-0.181250199047328,0.00411346263309036
2.31086989571945,-2.47882060099154,2.01593094108462,-1.00590515619632,0.188104740823939,-0.0316715787445197
2.32517649174888,-2.2383959857169,1.34037678752211,-0.331624211957608,-0.160718610414739,0.0636690096020777
2.34802288868685,-2.32911496128062,1.41822141129273,-0.304554880970889,-0.223319035266988,0.0896892234712218
2.40567562320579,-2.56948641566692,1.81546049921361,-0.599929575815902,-0.140304462043582,0.0873737013593382
2.35749081334283,-2.34005677301171,1.40764009666511,-0.318911088850998,-0.207424515383339,0.100177081278351
2.44884232772105,-2.57782624574656,1.67781371740931,-0.436370138594627,-0.302566186805187,0.189161404137284
2.49525345005425,-2.82636453170306,2.12167151841247,-0.83186917042802,-0.0455209397396951,0.0857244858889978
2.33889276626127,-2.44268105547265,1.70913712418371,-0.548370379623815,-0.123324550607022,0.0650045156159401
2.21062687258893,-2.07998441106215,1.40652595135231,-0.617778865781228,0.136804042317471,-0.0576228039880525
2.24602820542905,-2.29136819295258,1.65516737366207,-0.643414723791725,0.125222858490602,-0.0930952333317926
2.20232673151268,-1.97974607786406,1.20571159403794,-0.404440643307744,-0.0669662404559659,0.0418950539941247
2.31256517391445,-2.36117322537448,1.56800320148444,-0.351054732581442,-0.264485011501606,0.0947884641437095
2.2460244246156,-2.08323990123277,1.25172036473346,-0.353978279179053,-0.149032285006634,0.0874564949790188
2.23197877767386,-2.1525262970629,1.50281072133339,-0.684100763452915,0.138164680346725,-0.0377248521761644
2.28019226632203,-2.26742049807869,1.73908357835614,-1.03838430430701,0.356149985475917,-0.0707497371066167
2.42661501222414,-2.64364857032038,2.02881115967423,-1.0405139607471,0.270928688992338,-0.0432516927768652
2.3871395797243,-2.36933727522602,1.50076651203976,-0.494902932375075,-0.134984902647134,0.110214136072413
2.50514963579854,-2.75681145085466,1.88386934782036,-0.507993917858782,-0.268244732844779,0.143059013927307
2.28552120218836,-2.13342739090771,1.38667648151094,-0.788835492729036,0.355538583444726,-0.106673808921256
2.4996006717902,-2.75112390920862,2.05806592789959,-0.954431647445339,0.0951395555534957,0.0517702307454454
2.39924674161775,-2.48279053871087,1.67205970680334,-0.617832488653422,0.0319101165087842,-0.00368915652318914
2.08660984576135,-1.90509232459463,1.39174362831281,-0.706099469909994,0.313365398910027,-0.182107371209186
2.3580282022789,-2.52980590259101,1.90789046364737,-0.771381239759243,0.0207606962967665,0.0132492477100489
2.15701770609051,-1.94600554515906,1.32425574698375,-0.698854457103567,0.271790448634102,-0.109634831862107
2.29824002800521,-2.29757214752377,1.56855280498135,-0.511502476616486,-0.171393883175788,0.112493771021487
2.21718826246394,-2.08275622376887,1.41120483298743,-0.644538038729172,0.17378489462253,-0.0761500815797189
2.35365277488251,-2.48142439557294,1.89024525221564,-0.956828608548617,0.270612582135831,-0.0774677871774479
2.44558103540236,-2.63428850414292,1.88467859276635,-0.735451720795913,-0.0192828983919316,0.0576124617261246
2.3812208814268,-2.48913805004765,1.97160741329088,-1.1765120227699,0.335658991679828,-0.0239746283924449
2.48636473578632,-2.67907477892799,1.85120622614323,-0.677981649734304,-0.0733998596245626,0.0919177673387926
2.42261164376309,-2.43641334451577,1.53671257801639,-0.523885160233018,-0.12197905644777,0.122051683218216
2.48180956700596,-2.65119091866029,1.7464480414278,-0.492858195884217,-0.252367631969668,0.166989545265242
2.38397031317753,-2.46384200551,1.81050770795109,-0.972733047147854,0.298252032264792,-0.0573408916350403
2.42449917125583,-2.50520141684192,1.72751702121907,-0.805026566979633,0.175508095737028,-0.0183882122485406
2.37900102409714,-2.37863168992124,1.5491091434793,-0.608519330557865,0.0218865950451391,0.0361103621296572
2.42200012095936,-2.52917507009883,1.70139221124781,-0.60760055475886,-0.06950221588982,0.0817830739002242
2.37183641203693,-2.47185437751284,1.72404315239491,-0.673287060266928,0.0507349840781777,-0.00267765712864559
2.21872470485086,-2.03823438040521,1.38249152801359,-0.599886949016084,-0.0227821832590341,0.0585279975655066
2.30751075422058,-2.35919675793232,1.72712072052607,-0.732424357774796,0.0298385360543278,0.0260021486629288
2.28459729824442,-2.16623373390213,1.53345360570752,-0.920124008531681,0.339379247509005,-0.0720365357377923
2.38301565105716,-2.47877056432128,1.84563416025006,-0.983203234534164,0.292042593651891,-0.0600089928178839
2.40236420593627,-2.51710636305435,1.78794293180618,-0.866548779550631,0.282600124159815,-0.0907710042989126
2.29307045918367,-2.31737438492569,1.60992312005584,-0.65670913336613,0.111863875447958,-0.0419175464087411
2.25049704871963,-2.26413634638617,1.7496117809293,-0.92845326581921,0.258184539334322,-0.0669862057327875
2.38042255525487,-2.57854663431336,1.97882349448228,-0.895120281823663,0.12194549523827,-0.0086529959883125
2.14607904480631,-2.04472605226691,1.53450214540489,-0.741503120163484,0.204118148551312,-0.100025773059188
2.28500970670487,-2.20690102658852,1.50020970582488,-0.683128081422593,0.128698124255161,-0.0249128017563654
2.2482975990921,-2.28548985659209,1.68416490626086,-0.708958940391951,0.106491702527616,-0.0457652932408973
2.32701049196737,-2.39881773695231,1.73194594852531,-0.699232997771395,0.0147960357154651,0.0231865708457381
2.35741116703455,-2.48738897146113,1.83925499488953,-0.843442911910344,0.191095344067539,-0.0580254857783355
2.18107500164697,-2.12560785853481,1.41363665669269,-0.364518870321371,-0.0346203954789388,-0.0711843528854672
2.37869372394936,-2.40433906119411,1.68051279655158,-0.86388779368615,0.231459745891898,-0.0235044238763522
2.31075895264542,-2.23782773471102,1.41761218451025,-0.492871592908708,-0.0669974663781022,0.0684311852400342
2.39165882944507,-2.52423561475658,1.8741123316325,-0.888468277451732,0.100251394360094,0.0458822259440687
2.33706048065156,-2.32025787638218,1.65646450774993,-0.850018174963885,0.143521583194943,0.0323749679564081
2.36207028329134,-2.42508309048384,1.72410828910903,-0.811520725138232,0.1716669182879,-0.02218436703724
2.22345272767247,-2.1563999277564,1.47265263074164,-0.573794305459152,0.0733486403372693,-0.0403583627836351
2.27441898333947,-2.19512919168118,1.57314563324829,-0.772675195763457,0.0915487743380183,0.0277306217479465
2.3340701855578,-2.49073328506472,1.90798494976032,-0.959500539522598,0.378598173488471,-0.171715438036517
2.40447282261128,-2.56648331242156,1.88012322151235,-0.851273137282154,0.126942212277287,0.00504569260856516
2.43872734491092,-2.61516250245691,1.91095120974376,-0.956418912043367,0.310315735848956,-0.0894375840372744
2.20234546260867,-2.15927605984456,1.59131210363077,-0.836465236290345,0.348991869266878,-0.148164910393506
2.07461802737796,-1.71125839964888,0.956396455377657,-0.28023120386661,-0.0165758811533708,-0.0240565110036459
2.275857183653,-2.40594887666986,1.74845447094986,-0.521265580694377,-0.11728970348468,0.0188865936076599
2.19447004521745,-2.11249531847109,1.53656112398603,-0.770680574341019,0.275981567952063,-0.12492475793065
2.23256314562727,-2.17916812992194,1.58681224007952,-0.798048404388602,0.239067705389063,-0.0823543351006026
2.30786561914835,-2.30426064134031,1.5526895084352,-0.561186030030402,-0.0411919609428627,0.0451105069988356
2.29546118895483,-2.33417003634696,1.69388588349612,-0.776185887508651,0.151425803511334,-0.0316383980739237
2.35395615296217,-2.46809619425466,1.71508952271338,-0.532060053353006,-0.147143963792396,0.0772322511621714
2.21939370198261,-2.13150275541744,1.53256601540448,-0.829410549206419,0.35308326907069,-0.14534088775701
2.40026511636989,-2.53434133018744,1.67505412006381,-0.527095337677819,-0.027420863561405,0.0123972076323918
2.24228349553419,-2.12209337461851,1.45073178917281,-0.621317288805779,-0.0341696355922031,0.0836662702366655
2.22520510405957,-2.20597912869782,1.59636634618282,-0.662900769147326,0.0358975861599938,0.0103728930305242
2.35522727965314,-2.43387785261434,1.83967604958687,-0.925876056127017,0.0862592859330046,0.0777805735474787
2.2524054900137,-2.14019747909724,1.38392949459262,-0.548549211555941,0.105210866855948,-0.0537160847783426
2.25505074052191,-2.11052339327181,1.37503464377924,-0.675957642874168,0.204257440350653,-0.0490418469147289
2.36464418995481,-2.34898925180685,1.55466248588643,-0.639726461037755,-0.00186788146781604,0.0703502009865025
2.35257802166604,-2.31797227305417,1.53634000210201,-0.665159386094025,0.04682077152088,0.046443749883034
2.39085682685264,-2.43457127660432,1.62728270933817,-0.566381732206076,-0.140264466174216,0.122335404470713
2.23001614509151,-2.10428689981857,1.39635852770207,-0.547227627630939,-0.00931728901447735,0.0334374715118615
2.37623795590369,-2.45096641008801,1.63896194319454,-0.525933813521679,-0.101841288294034,0.0627543910204318
2.32465197140763,-2.32533134051806,1.53409875040587,-0.563073812713948,0.022352532028016,0.00643170488963571
2.33858744382592,-2.40429276699208,1.67195987480317,-0.611064349017701,-0.0682143158153257,0.0720226113766842
2.43753798207334,-2.63325332159608,1.96486217967383,-0.911629750803014,0.0836662518874761,0.0580327484798162
2.36242599823726,-2.50701188017224,2.00022723807426,-1.11191945913512,0.286736227924415,-0.0312777887008423
2.28880363057742,-2.3075008028044,1.6718198409563,-0.69206184274542,0.0134437207377335,0.02463549585308
2.29292992905391,-2.3858649537715,1.71305265870313,-0.695642869855981,0.178197981875892,-0.10358448036736
2.32026276622333,-2.42338801592609,1.80438453082696,-0.765635586940827,0.0307788157216754,0.0326096937018642
2.28604460645216,-2.22976686696038,1.55709557497186,-0.748197339960221,0.129909192366398,0.00411500518886406
2.19257280462967,-2.05180084602363,1.32340907484983,-0.437366542140631,-0.0261026655278836,-0.00156265395372663
2.46755814390208,-2.64374562472286,1.82409932526202,-0.807362105793158,0.181991657758347,-0.0232375021514789
2.35179955510137,-2.37746880289754,1.61720512739362,-0.691118435995938,0.118905258059263,-0.0200457015812311
2.39048799392117,-2.48824547142299,1.72665136707821,-0.730844361571562,0.115230471272823,-0.0141257241363461
2.22058511602115,-2.06099625784747,1.3826478925236,-0.630067932693848,0.0859618844275773,0.00100382972755925
2.17414233412209,-1.95851340098676,1.37918052812736,-0.833787213202526,0.346388269008331,-0.108329785105544
2.333080014995,-2.45249820691049,1.90166799030411,-0.924786230101595,0.0806772787883438,0.0610381614129459
2.24801158313349,-2.09129461679496,1.4081297929781,-0.619964972519021,-0.056152791004727,0.110573870227245
2.16238142190135,-1.99611283441669,1.41382724072176,-0.786691661930572,0.348518486832593,-0.142843699756678
2.22320857355766,-2.13802614962889,1.58245644712147,-0.775777968440714,0.0464942379670555,0.060882142001397
2.13003342295327,-2.01980951555247,1.45389981684675,-0.517838761949173,-0.0493210611381563,0.0019758065343685
2.42673058654192,-2.53449883504557,1.74535273696972,-0.679390792406518,-0.0652057676000372,0.106148195572776
2.21214739234162,-1.92441943285289,0.950410412956013,-0.0249034803257792,-0.367251694401085,0.15318592498647
2.30851654670043,-2.24692805559298,1.3921085908116,-0.329850700466162,-0.255142944256254,0.130606061587872
2.28943576209921,-2.2458145345823,1.59981344163549,-0.727897044074418,0.0559538128982616,0.0275426479542132
2.26483767680617,-2.35658095432503,1.90435977776284,-1.16291233417909,0.557974600370296,-0.208696867042923
2.20497974256897,-2.35305822992438,2.0779777890074,-1.19434158834755,0.377410496057524,-0.113939311940516
2.24071840121715,-2.16860967041956,1.38799579244483,-0.324667345956553,-0.213246814226352,0.0768943251885194
2.29684913267089,-2.2783962972224,1.53832145004962,-0.51325117759253,-0.0949052509307518,0.0504586580488237
2.30468733213747,-2.32841816544465,1.61295087172814,-0.599240898805474,-0.00244597335985371,0.0116550955199498
2.19171549286265,-2.07262283191893,1.47987745096948,-0.763098907955224,0.272545116287879,-0.109315889810023
2.27571155440474,-2.27037884585692,1.6146752987633,-0.715019153266281,0.119437446473323,-0.0252755330666339
2.2744584859087,-2.23593601300093,1.70442630788058,-0.971573532704296,0.268444579381421,-0.0406619728286118
2.48041324306199,-2.70823108387353,2.04771133605488,-1.06756992395681,0.220093745943078,0.0267990729835091
2.42798143321619,-2.59644515323834,1.84455604652021,-0.715513915945911,0.0170919646768818,0.0214329941539902
2.22331483421417,-2.17632246246382,1.68653129121935,-1.01790496721537,0.456824904287111,-0.173365940769776
2.32089547679591,-2.38792561067894,1.86878669355926,-1.15696455965109,0.505160146168203,-0.151036453670712
2.36336713251209,-2.41497002392872,1.71122333464531,-0.860032572651348,0.242305685206752,-0.0428302471554523
2.16725796968399,-2.03840055111944,1.43509982043943,-0.746720531111772,0.35400921257791,-0.172548310270072
2.10510185880368,-2.03382919186988,1.48624109697097,-0.528688918641513,0.0771545386087178,-0.107259667066521
2.33116954912105,-2.37172697687453,1.64503471257089,-0.672335660896352,0.0518027492729553,0.0150683546433802
2.32566342538675,-2.33328037868686,1.46396647315117,-0.380793866931477,-0.085478356245559,0.00883482895843945
2.26029020557725,-2.13612198008054,1.44079710973662,-0.742187946244997,0.233354110005307,-0.0571114059196081
2.18701107700844,-2.0791702495941,1.56696403323275,-0.987130235428744,0.459488815489168,-0.148152210650842
2.20942221252387,-2.17133059211318,1.69031467634354,-1.09033653692727,0.577888184874373,-0.21705045502393
2.33217560539051,-2.45242423853286,1.84781829364766,-0.936479087679606,0.246524069923854,-0.0385365173171748
2.22244956090329,-2.13159717447273,1.47700902633779,-0.66966370893811,0.13606177651959,-0.0353938401623891
2.30933740546391,-2.31020092303814,1.69190357683511,-0.834986874630319,0.062177983265415,0.0808414596080239
2.24072850574687,-2.19713611348443,1.60015564379752,-0.86637865700698,0.382935191012374,-0.161436357418548
2.04623625678472,-1.73428293450474,1.18784872977307,-0.675893561702206,0.332762684454276,-0.157947735388699
2.23248817326471,-2.20852478540453,1.69492663886809,-0.943207656472828,0.308935244844492,-0.0858146559445151
2.24849960660613,-2.13309344046385,1.48296278364198,-0.730388937257519,0.106060761659337,0.0250452415631634
2.11534978206926,-1.94693193438519,1.35675376575036,-0.638493028741732,0.260156578158265,-0.148173291330588
2.13484682434802,-1.95378770507609,1.44467949603884,-0.894553573712912,0.425566140035103,-0.157865533002171
2.23482157952224,-2.21393493558528,1.68277936413044,-0.96107193287529,0.385405412751126,-0.129111958943103
2.27129541611859,-2.19082986323775,1.48734956086221,-0.578625827027991,-0.0938156356655274,0.103739845675052
2.05634808150063,-1.86124399139348,1.52687886167086,-1.04093750397295,0.506043250406413,-0.188325227326261
2.16856199855986,-2.03078028086681,1.43194900316696,-0.720023936979343,0.272534989178841,-0.123331526243148
2.1703146312236,-2.05723298596431,1.42337248713664,-0.636771541684202,0.236896941913163,-0.1377946121922
2.28200894354388,-2.29219528976376,1.67378319771399,-0.784396962722691,0.131230310923695,-0.0114645169335237
2.2586071629833,-2.31159033899026,1.73750519470803,-0.849440899194017,0.277873907346645,-0.114054745871203
2.37981930517829,-2.520624958545,1.79074881198009,-0.81436116750074,0.267672605580673,-0.104354059253459
2.15708280533391,-2.06716692513263,1.53401808205121,-0.732940160466438,0.179292944298003,-0.0712576701135196
2.06931257057625,-1.91812749822284,1.5207474546286,-0.855257791509736,0.298304762077019,-0.116031329214963
2.38625037432115,-2.47008250647333,1.81261091012631,-1.01508742464127,0.27797275378291,0.00762958888895971
2.21102592745093,-2.10005379471954,1.56736255165282,-0.987766131956693,0.425761757683605,-0.117382766563664
2.19484832552095,-2.01198004636672,1.43763969154817,-0.910049888434796,0.386847296442612,-0.0983493209460618
2.25865971890365,-2.28058369234557,1.60198265731479,-0.60961972284582,0.0602735996055468,-0.0317016833415566
2.21397710262812,-2.22426930891295,1.66096149395097,-0.733331809228603,0.133363159740686,-0.0517375388071295
2.16785926682904,-2.097780624406,1.55320356280098,-0.779347101205181,0.293988600697774,-0.138871028916377
2.13265931863633,-1.90555874820839,1.42964587264949,-0.957642568457203,0.404574423641762,-0.104578493842267
2.23578750852213,-2.13603320376271,1.47954587136051,-0.622490665105903,-0.021648934845994,0.0639817400160003
2.26172625997058,-2.21534809854271,1.51060397258518,-0.566768977180834,-0.0564443743867728,0.0653507454398797
2.24094042553529,-2.15441169490775,1.41656382334832,-0.560151702536816,0.0377681075458582,0.0183180135910924
2.28908629788674,-2.40611878305412,1.87511740211906,-0.958470564135403,0.285147300594529,-0.0857335233691105
2.185718991657,-2.22043371367996,1.78197694357557,-1.03761687890584,0.541171580777593,-0.251921363927515
2.13917576119497,-2.06591135313308,1.51999016670317,-0.771603035687997,0.368632241614194,-0.191432441042399
2.15261328203011,-1.93297390920437,1.25671944421653,-0.480518419583881,-0.0189586670245282,0.0222471732619575
2.26225205131849,-2.20730937603555,1.57774739379751,-0.833388040696313,0.228496910316656,-0.0286298417703991
2.16733134828894,-2.05883117170573,1.48224864172595,-0.690161126451218,0.156937155611783,-0.058539887805719
2.39295675557979,-2.57977909672502,1.81928912954402,-0.628249290192191,-0.0197888059630625,0.0145055855145666
2.31078546816215,-2.43204579731232,1.78328876524741,-0.715123294261332,0.0398371304688734,0.0122511344872295
2.35451936029694,-2.51427270289813,1.90089932681995,-0.926294809200288,0.256384236030734,-0.0723700522228902
2.21609139304697,-2.10700919880468,1.45310892003609,-0.613514279667202,0.00480595983405699,0.0455893455736654
2.19741430331471,-2.16640561162126,1.60506692067999,-0.770311563821841,0.214568267070444,-0.0815013463667594
2.30820787933249,-2.29468625938859,1.48958731601488,-0.408412314241099,-0.194572089238448,0.0988249474354693
2.16736096540589,-2.0888605637542,1.43012113717748,-0.624959988792287,0.296981696612952,-0.181771145166798
2.25165801884763,-2.40176602020919,1.91390818318276,-0.85258810411645,0.176304561562672,-0.0885929027489451
2.15474585643465,-2.10953961965662,1.59839028614027,-0.761086095789376,0.21942258533643,-0.102918606492548
1.97005846056089,-1.69965370514444,1.11748340722091,-0.355855802642571,0.151649054832423,-0.184928572971635
2.28682109463977,-2.38127413010423,1.87139586169303,-0.983934348902986,0.219649670453067,-0.013654974338291
2.21154261738774,-2.29976024440166,1.86711262493182,-0.978446440400104,0.316257147951427,-0.117899937191859
2.13908440196223,-2.04639765555084,1.32618493833345,-0.266066371124625,-0.15671579045393,0.00294670029152675
2.26315189982839,-2.34964989695897,1.79767978713308,-0.856527515357932,0.179821266646702,-0.0354610428655349
2.0784219309942,-1.86721108194468,1.20154432842652,-0.320733619750301,-0.0897577665253273,-0.00332458336205916
2.06175601024162,-1.91068318056883,1.43935806075459,-0.642771805697804,0.102198040490785,-0.0508647325629273
2.22296767251133,-2.25030614310022,1.75118322491587,-0.931920090381468,0.227547054164206,-0.0203264794154487
2.29958369417465,-2.25797507103283,1.45749790937819,-0.464395420778295,-0.147541322804419,0.112160813245231
2.26940756416946,-2.19922664910383,1.4527337955559,-0.546112124945703,-0.0247753089933403,0.0471423061623131
2.24077321232272,-2.2317527384293,1.5042837395913,-0.371859632807549,-0.216865318864604,0.0745095664162661
2.34938741489446,-2.43624596097983,1.70116527646214,-0.603156744375626,-0.109783875842153,0.097907137805721
2.35737119895694,-2.35338935969943,1.66671547047833,-0.788137144684599,0.00667329201466841,0.109960954204393
2.47557106976429,-2.76852050899431,2.12434297614432,-0.939234430257923,-0.00138069747279602,0.108496186640509
2.22756141119537,-2.16927038266067,1.55610753049911,-0.71855654660515,0.141918033153765,-0.0385215009950621
2.17431759331581,-2.12161639148894,1.66391419608949,-0.861435251377497,0.204477720655754,-0.0604704910622522
2.23082556949649,-2.07959687073115,1.24643185968792,-0.282375824042215,-0.207334986818635,0.0913873756684372
2.34857891289502,-2.33011900601818,1.48077155165719,-0.450480875141012,-0.167493095612071,0.11813480087766
2.40422021314506,-2.4282273868285,1.52371266752719,-0.371230275459657,-0.363454561307466,0.234379652481934
2.33277225528459,-2.36914299429497,1.56145204751034,-0.329806245890964,-0.408200521017593,0.212329779984183
2.33900350986053,-2.30225010514538,1.50043016022217,-0.450305640499362,-0.290889134026265,0.203488317234487
2.21731618461536,-2.0054658276584,1.16947851883367,-0.225202572303413,-0.229379865201263,0.072539737848059
2.18612078673622,-1.83508326448427,0.83823831935612,0.157453021067405,-0.52691620649823,0.179291309222637
2.1285052827055,-1.71155277738759,0.723226397800935,0.166067066174809,-0.399086505070932,0.0917716064540933
2.29826229536204,-1.99991820015518,0.916347363979941,-0.0373199580856513,-0.280868133892944,0.102437498404625
2.22231525382717,-1.73741441023467,0.592725171377303,0.133969787462183,-0.349278904267226,0.135743615244974
2.18798730590102,-1.7497044049205,0.732860549357394,-0.0566662579674484,-0.21793785065019,0.0992681861466874
2.20804252081294,-1.82221667387984,0.670740998466395,0.140616737840392,-0.220810422926715,0.014473710817702
2.1716050124914,-1.75000193856895,0.684290625160008,0.0575331526613359,-0.20821074170363,0.0321536672376967
1.09894483066512,-0.688284819638038,0.64587760682607,-0.432779716386334,0.704182988224817,-0.387969607221991
1.09851327623685,-0.800921306732225,0.641324480086404,-0.403102890787923,0.605350448724687,-0.193614652701752
1.48380174590268,-1.05047666709743,0.890461010285427,-0.617587938565065,0.750769790403518,-0.482100018871126
1.69595104996664,-1.32647759397865,0.991525468299817,-0.585569852886368,0.56710188208111,-0.363588765490372
1.72621594316169,-1.32656194363591,1.02016971870946,-0.650750743429965,0.59383501873697,-0.390775602607343
1.84040926814788,-1.36967334777398,0.835582771871313,-0.498841596122726,0.41850711704741,-0.259641722305957
1.83583328374314,-1.25226319758892,0.555530553191207,-0.153218856843198,0.169909027589052,-0.179942868492545
1.72404396085012,-1.13047518130375,0.625505123751018,-0.383817409393424,0.440337083547557,-0.313443664082061
0.93764755695732,-0.692865497235897,0.499507933448787,-0.264931867282324,0.52611437659611,-0.117196559520049
1.29055116951985,-1.03393123047524,0.783841867144005,-0.36183037946178,0.455475497127612,-0.160322089165596
1.40856423285142,-0.995450085865857,0.655698816606887,-0.262908098781423,0.468649018275287,-0.306948158078941
